<?xml version="1.0" encoding="UTF-8" standalone="yes"?>
<addon id="plugin.program.galaxywizard" name="Galaxy Wizard (Matrix)" version="1.0.4" provider-name="TWMF">
	<requires>
		<import addon="xbmc.python" version="3.0.0"/>
	</requires>
	<extension point="xbmc.python.pluginsource" library="addon.py">
		<provides>executable</provides>
	</extension>
	<extension point="xbmc.service" library="service.py" />
	<extension point="xbmc.addon.metadata">
		<summary lang="en_GB">Galaxy Wizard allows the installation of Galaxy Build</summary>
		<description lang="en_GB">Galaxy Wizard allows the installation of Galaxy Build</description>
		<disclaimer lang="en_GB">If ya know, ya know</disclaimer>
		<language>en</language>
		<platform>all</platform>
		<license>GPL-2.0-or-later</license>
		<forum></forum>
		<website></website> 
		<email></email>
		<source></source>
		<news>
1.0.4
- Initial release - Version number increments from previous Galaxy Wizard
		</news>
		<assets>
				<icon>resources/icon.png</icon>
				<fanart>resources/fanart.jpg</fanart>
				<banner></banner>
				<clearlogo></clearlogo>
				<screenshot></screenshot>
		</assets>
	</extension>
</addon>